Molecule ChEMBL ID,Molecule Name,Molecule Max Phase,Molecular Weight,#RO5 Violations,AlogP,Smiles,Standard Type,Standard Relation,Standard Value,Standard Units,pChEMBL Value,Data Validity Comment,Comment,Uo Units,Ligand Efficiency BEI,Ligand Efficiency LE,Ligand Efficiency LLE,Ligand Efficiency SEI,Potential Duplicate,Assay ChEMBL ID,Assay Description,Assay Type,BAO Format ID,BAO Label,Assay Organism,Assay Tissue ChEMBL ID,Assay Tissue Name,Assay Cell Type,Assay Subcellular Fraction,Assay Parameters,Assay Variant Accession,Assay Variant Mutation,Target ChEMBL ID,Target Name,Target Organism,Target Type,Document ChEMBL ID,Source ID,Source Description,Document Journal,Document Year,Cell ChEMBL ID,Properties,Action Type,Standard Text Value,Value
CHEMBL4852554,,,545.63,2.0,5.1,CN(C)CC1(COc2nc(N3CC4CCC(C3)N4)c3cc(F)c(-c4cc(O)cc5ccccc45)c(F)c3n2)CC1,IC50,#ИМЯ?,5.1,nM,8.29,,,UO_0000065,15.2,0.28,3.19,11.24,0.0,CHEMBL4837101,Inhibition of recombinant his-tagged KRAS G12D mutant (unknown origin) expressed in Escherichia coli BL21(DE3) assessed as inhibition of GDP-GTP exchange rate in presence of recombinant SOS1/GMPPNP incubated for 1 hr by BODIPY fluorescence assay,B,BAO_0000019,assay format,Homo sapiens,,,,,,P01116,G12D,CHEMBL2189121,GTPase KRas,Homo sapiens,SINGLE PROTEIN,CHEMBL4834492,1.0,Scientific Literature,ACS Med Chem Lett,2021.0,,TIME = 1.0 hr,INHIBITOR,,5.1
CHEMBL4857719,,,593.08,2.0,5.43,Oc1cc(-c2ncc3c(N4CC5CCC(C4)N5)nc(OCC45CCCN4CCC5)nc3c2F)c2c(Cl)c(F)ccc2c1,IC50,#ИМЯ?,0.5,nM,9.3,,,UO_0000065,15.68,0.3,3.87,10.74,0.0,CHEMBL4845550,Displacement of Cy5-labelled tracer from biotinylated GDP-loaded human recombinant KRAS G12D mutant (1 to 169 residues) measured after 60 mins by TR-FRET assay,B,BAO_0000357,single protein format,Homo sapiens,,,,,,P01116,G12D,CHEMBL2189121,GTPase KRas,Homo sapiens,SINGLE PROTEIN,CHEMBL4842393,1.0,Scientific Literature,ACS Med Chem Lett,2021.0,,TIME = 1.0 hr,INHIBITOR,,0.5
CHEMBL4867851,,,582.66,1.0,4.76,C#Cc1c(F)ccc2cc(O)cc(-c3ncc4c(N5CC6CCC(C5)N6)nc(OCC56CCCN5CCC6)nc4c3F)c12,IC50,#ИМЯ?,0.6,nM,9.22,,,UO_0000065,15.83,0.29,4.46,10.64,0.0,CHEMBL4845550,Displacement of Cy5-labelled tracer from biotinylated GDP-loaded human recombinant KRAS G12D mutant (1 to 169 residues) measured after 60 mins by TR-FRET assay,B,BAO_0000357,single protein format,Homo sapiens,,,,,,P01116,G12D,CHEMBL2189121,GTPase KRas,Homo sapiens,SINGLE PROTEIN,CHEMBL4842393,1.0,Scientific Literature,ACS Med Chem Lett,2021.0,,TIME = 1.0 hr,INHIBITOR,,0.6
CHEMBL5418176,,,592.09,2.0,5.12,Nc1cc2ccccc2c(-c2c(Cl)cc3c(N4CC5CCC(C4)N5)nc(OC[C@@]45CCCN4C[C@H](F)C5)nc3c2F)n1,IC50,#ИМЯ?,2972.0,nM,5.53,,,UO_0000065,9.33,0.18,0.41,5.98,0.0,CHEMBL5374159,Inhibition of KRAS G12D mutant in human ASPC1 cells assessed as reduction in ERK phosphorylation measured after 4 hrs by HTRF assay,B,BAO_0000219,cell-based format,Homo sapiens,,,ASPC1,,,P01116,G12D,CHEMBL2189121,GTPase KRas,Homo sapiens,SINGLE PROTEIN,CHEMBL5370635,1.0,Scientific Literature,ACS Med Chem Lett,2023.0,,TIME = 4.0 hr,INHIBITOR,,2972.0
CHEMBL5431156,,,482.95,0.0,4.84,N#Cc1c(N)sc2c(F)ccc(-c3c(Cl)cc4c(N5CC6CCC(C5)N6)ncnc4c3F)c12,IC50,#ИМЯ?,5.32,nM,8.27,,,UO_0000065,17.13,0.34,3.43,9.11,0.0,CHEMBL5374156,Inhibition of GDP-bound biotinylated-KRAS G12D mutant (1 to 169 residues) (unknown origin) assessed as suppression of SOS1-mediated nucleotide exchange by measuring reduction in KRAS G12D mutant-RAF RBD complex formation preincubated for 60 mins followed by SOS1 addition and further incubated for 60 mins and subsequent addition of KRAS G12D mutant-RAF RBD mixture measured after 30 to 60 mins by FRET assay,B,BAO_0000357,single protein format,Homo sapiens,,,,,,P01116,G12D,CHEMBL2189121,GTPase KRas,Homo sapiens,SINGLE PROTEIN,CHEMBL5370635,1.0,Scientific Literature,ACS Med Chem Lett,2023.0,,TIME = 3.0 hr,INHIBITOR,,5.32
CHEMBL5084656,,,542.63,2.0,5.07,Fc1c(-c2cccc3cccc(F)c23)ncc2c(N3C[C@H]4CC[C@@H](C3)N4)nc(OCC34CCCN3CCC4)nc12,IC50,#ИМЯ?,380.0,nM,6.42,,,UO_0000065,11.83,0.22,1.35,9.67,0.0,CHEMBL5047300,Inhibition of KRAS G12D mutant in human AGS cells assessed as reduction in ERK phosphorylation measured after 3 hrs by In-Cell Western assay,B,BAO_0000219,cell-based format,Homo sapiens,,,AGS,,,P01116,G12D,CHEMBL2189121,GTPase KRas,Homo sapiens,SINGLE PROTEIN,CHEMBL5046237,1.0,Scientific Literature,J Med Chem,2022.0,,TIME = 3.0 hr,INHIBITOR,,0.38
CHEMBL5276699,,,632.69,2.0,5.21,CCc1c(F)ccc2cc(O)cc(-c3ncc4c(N5CCCC6(CC(=O)N6)C5)nc(OC[C@@]56CCCN5C[C@H](F)C6)nc4c3F)c12,IC50,#ИМЯ?,2.0,nM,8.7,,,UO_0000065,13.75,0.26,3.49,8.39,0.0,CHEMBL5256826,Inhibition of N-terminal His-tagged GDP-bound KRAS G12D mutant (1 to 169 residues) (unknown origin) assessed as inhibition of SOS mediated nucleotide exchange preincubated for 2 hrs followed by addition of SOS protein and unlabeled GTP measured after 30 mins by Alphascreen assay,B,BAO_0000357,single protein format,Homo sapiens,,,,,,P01116,G12D,CHEMBL2189121,GTPase KRas,Homo sapiens,SINGLE PROTEIN,CHEMBL5252668,1.0,Scientific Literature,ACS Med Chem Lett,2023.0,,TIME = 2.5 hr,INHIBITOR,,0.002
CHEMBL4876274,,,684.6,1.0,4.65,Oc1cc(N2CCc3c(nc(OCC4(CN5CC[C@@H](F)C5)CC4)nc3N3CC4CCC(C3)N4)C2)c2c(I)cccc2c1,IC50,#ИМЯ?,0.9,nM,9.05,,,UO_0000065,13.21,0.29,4.4,11.75,0.0,CHEMBL4837101,Inhibition of recombinant his-tagged KRAS G12D mutant (unknown origin) expressed in Escherichia coli BL21(DE3) assessed as inhibition of GDP-GTP exchange rate in presence of recombinant SOS1/GMPPNP incubated for 1 hr by BODIPY fluorescence assay,B,BAO_0000019,assay format,Homo sapiens,,,,,,P01116,G12D,CHEMBL2189121,GTPase KRas,Homo sapiens,SINGLE PROTEIN,CHEMBL4834492,1.0,Scientific Literature,ACS Med Chem Lett,2021.0,,TIME = 1.0 hr,INHIBITOR,,0.9
CHEMBL4859236,,,575.09,2.0,5.29,Oc1cc(-c2ncc3c(N4CC5CCC(C4)N5)nc(OCC45CCCN4CCC5)nc3c2F)c2c(Cl)cccc2c1,IC50,#ИМЯ?,0.4,nM,9.4,,,UO_0000065,16.34,0.31,4.11,10.85,0.0,CHEMBL4845550,Displacement of Cy5-labelled tracer from biotinylated GDP-loaded human recombinant KRAS G12D mutant (1 to 169 residues) measured after 60 mins by TR-FRET assay,B,BAO_0000357,single protein format,Homo sapiens,,,,,,P01116,G12D,CHEMBL2189121,GTPase KRas,Homo sapiens,SINGLE PROTEIN,CHEMBL4842393,1.0,Scientific Literature,ACS Med Chem Lett,2021.0,,TIME = 1.0 hr,INHIBITOR,,0.4
CHEMBL4796065,,,321.38,0.0,2.77,CN(C)Cc1[nH]c2ccccc2c1[C@H]1NC(=O)c2ccc(O)cc21,IC50,#ИМЯ?,33000.0,nM,4.48,,,UO_0000065,13.94,0.26,1.71,6.56,0.0,CHEMBL4677891,Inhibition of C-terminal Avi-tagged biotinylated KRas G12D mutant (1 to 169 residues) (unknown origin) expressed in Escherichia coli assessed as reduction in KRas G12D mutant-SOS1 (564 to 1049 residues) protein-protein interaction incubated for 60 mins by TR-FRET LANCE assay,B,BAO_0000019,assay format,Homo sapiens,,,,,,P01116,G12D,CHEMBL2189121,GTPase KRas,Homo sapiens,SINGLE PROTEIN,CHEMBL4673313,1.0,Scientific Literature,J Med Chem,2020.0,,TIME = 1.0 hr,INHIBITOR,,33.0
CHEMBL4788500,,,512.61,2.0,6.0,O=C1N[C@H](c2c(CNCc3ccc4ccn(Cc5ccccc5)c4c3)[nH]c3ccccc23)c2cc(O)ccc21,IC50,#ИМЯ?,870.0,nM,6.06,,,UO_0000065,11.82,0.21,0.06,7.38,0.0,CHEMBL4677891,Inhibition of C-terminal Avi-tagged biotinylated KRas G12D mutant (1 to 169 residues) (unknown origin) expressed in Escherichia coli assessed as reduction in KRas G12D mutant-SOS1 (564 to 1049 residues) protein-protein interaction incubated for 60 mins by TR-FRET LANCE assay,B,BAO_0000019,assay format,Homo sapiens,,,,,,P01116,G12D,CHEMBL2189121,GTPase KRas,Homo sapiens,SINGLE PROTEIN,CHEMBL4673313,1.0,Scientific Literature,J Med Chem,2020.0,,TIME = 1.0 hr,INHIBITOR,,0.87
CHEMBL4855757,,,572.66,1.0,4.98,Oc1cc(-c2ncc3c(N4CC5CCC(C4)N5)nc(OCC45CCCN4C(CF)CC5)nc3c2F)c2ccccc2c1,IC50,#ИМЯ?,0.1,nM,10.0,,,UO_0000065,17.46,0.33,5.02,11.54,0.0,CHEMBL4845550,Displacement of Cy5-labelled tracer from biotinylated GDP-loaded human recombinant KRAS G12D mutant (1 to 169 residues) measured after 60 mins by TR-FRET assay,B,BAO_0000357,single protein format,Homo sapiens,,,,,,P01116,G12D,CHEMBL2189121,GTPase KRas,Homo sapiens,SINGLE PROTEIN,CHEMBL4842393,1.0,Scientific Literature,ACS Med Chem Lett,2021.0,,TIME = 1.0 hr,INHIBITOR,,0.1
CHEMBL5090412,,,499.59,0.0,3.38,CN(C)C1CN(c2nc(N3CC4CCC(C3)N4)c3cnc(-c4cc(O)cc5ccccc45)c(F)c3n2)C1,IC50,#ИМЯ?,1300.0,nM,5.89,,,UO_0000065,11.78,0.22,2.51,7.3,0.0,CHEMBL5047300,Inhibition of KRAS G12D mutant in human AGS cells assessed as reduction in ERK phosphorylation measured after 3 hrs by In-Cell Western assay,B,BAO_0000219,cell-based format,Homo sapiens,,,AGS,,,P01116,G12D,CHEMBL2189121,GTPase KRas,Homo sapiens,SINGLE PROTEIN,CHEMBL5046237,1.0,Scientific Literature,J Med Chem,2022.0,,TIME = 3.0 hr,INHIBITOR,,1.3
CHEMBL5089133,,,558.63,1.0,4.59,Oc1cc(-c2ncc3c(N4C[C@H]5CC[C@@H](C4)N5)nc(OC[C@@]45CCCN4C[C@H](F)C5)nc3c2F)c2ccccc2c1,IC50,#ИМЯ?,24.0,nM,7.62,,,UO_0000065,13.64,0.25,3.03,8.79,0.0,CHEMBL5047300,Inhibition of KRAS G12D mutant in human AGS cells assessed as reduction in ERK phosphorylation measured after 3 hrs by In-Cell Western assay,B,BAO_0000219,cell-based format,Homo sapiens,,,AGS,,,P01116,G12D,CHEMBL2189121,GTPase KRas,Homo sapiens,SINGLE PROTEIN,CHEMBL5046237,1.0,Scientific Literature,J Med Chem,2022.0,,TIME = 3.0 hr,INHIBITOR,,0.024
CHEMBL5087229,,,566.66,2.0,5.05,C#Cc1c(F)ccc2cccc(-c3ncc4c(N5C[C@H]6CC[C@@H](C5)N6)nc(OCC56CCCN5CCC6)nc4c3F)c12,IC50,#ИМЯ?,24.0,nM,7.62,,,UO_0000065,13.45,0.25,2.57,11.47,0.0,CHEMBL5047300,Inhibition of KRAS G12D mutant in human AGS cells assessed as reduction in ERK phosphorylation measured after 3 hrs by In-Cell Western assay,B,BAO_0000219,cell-based format,Homo sapiens,,,AGS,,,P01116,G12D,CHEMBL2189121,GTPase KRas,Homo sapiens,SINGLE PROTEIN,CHEMBL5046237,1.0,Scientific Literature,J Med Chem,2022.0,,TIME = 3.0 hr,INHIBITOR,,0.024
CHEMBL5428238,,,640.14,2.0,5.79,N#Cc1c(N)sc2c(F)ccc(-c3c(Cl)cc4c(N5CC6CCC(C5)N6)nc(OC[C@@]56CCCN5C[C@H](F)C6)nc4c3F)c12,IC50,#ИМЯ?,4.3,nM,8.37,,,UO_0000065,13.07,0.26,2.58,8.1,0.0,CHEMBL5374159,Inhibition of KRAS G12D mutant in human ASPC1 cells assessed as reduction in ERK phosphorylation measured after 4 hrs by HTRF assay,B,BAO_0000219,cell-based format,Homo sapiens,,,ASPC1,,,P01116,G12D,CHEMBL2189121,GTPase KRas,Homo sapiens,SINGLE PROTEIN,CHEMBL5370635,1.0,Scientific Literature,ACS Med Chem Lett,2023.0,,TIME = 4.0 hr,INHIBITOR,,4.3
CHEMBL5279240,,,619.69,2.0,6.11,CCc1c(F)ccc2cc(O)cc(-c3ncc4c(N5CCCC6(CCO6)C5)nc(OC[C@@]56CCCN5C[C@H](F)C6)nc4c3F)c12,IC50,#ИМЯ?,2.0,nM,8.7,,,UO_0000065,14.04,0.26,2.59,10.38,0.0,CHEMBL5256825,Inhibition of His-tagged KRAS G12D mutant (unknown origin) using biotinylated KRPep-2d as substrate preincubated for 30 mins followed by substrate addition and measured after 2 hrs by LANCE TR-FRET assay,B,BAO_0000357,single protein format,Homo sapiens,,,,,,P01116,G12D,CHEMBL2189121,GTPase KRas,Homo sapiens,SINGLE PROTEIN,CHEMBL5252668,1.0,Scientific Literature,ACS Med Chem Lett,2023.0,,TIME = 2.5 hr,INHIBITOR,,0.002
CHEMBL5273122,,,615.66,2.0,5.52,C#Cc1c(F)ccc2cc(O)cc(-c3ncc4c(N5CCCC6(CCO6)C5)nc(OC[C@@]56CCCN5C[C@H](F)C6)nc4c3F)c12,IC50,#ИМЯ?,1.0,nM,9.0,,,UO_0000065,14.62,0.27,3.48,10.73,0.0,CHEMBL5256826,Inhibition of N-terminal His-tagged GDP-bound KRAS G12D mutant (1 to 169 residues) (unknown origin) assessed as inhibition of SOS mediated nucleotide exchange preincubated for 2 hrs followed by addition of SOS protein and unlabeled GTP measured after 30 mins by Alphascreen assay,B,BAO_0000357,single protein format,Homo sapiens,,,,,,P01116,G12D,CHEMBL2189121,GTPase KRas,Homo sapiens,SINGLE PROTEIN,CHEMBL5252668,1.0,Scientific Literature,ACS Med Chem Lett,2023.0,,TIME = 2.5 hr,INHIBITOR,,0.001
CHEMBL5275926,,,615.73,2.0,6.28,CCc1c(F)ccc2cc(O)cc(-c3ncc4c(N5CCCC6(CCO6)C5)nc(OC[C@@]56CCCN5C[C@H](F)C6)nc4c3C)c12,IC50,#ИМЯ?,4.0,nM,8.4,,,UO_0000065,13.64,0.25,2.12,10.02,0.0,CHEMBL5256826,Inhibition of N-terminal His-tagged GDP-bound KRAS G12D mutant (1 to 169 residues) (unknown origin) assessed as inhibition of SOS mediated nucleotide exchange preincubated for 2 hrs followed by addition of SOS protein and unlabeled GTP measured after 30 mins by Alphascreen assay,B,BAO_0000357,single protein format,Homo sapiens,,,,,,P01116,G12D,CHEMBL2189121,GTPase KRas,Homo sapiens,SINGLE PROTEIN,CHEMBL5252668,1.0,Scientific Literature,ACS Med Chem Lett,2023.0,,TIME = 2.5 hr,INHIBITOR,,0.004
CHEMBL5286121,,,623.65,2.0,5.66,Oc1cc(-c2ncc3c(N4CCCC5(CC(O)C5)C4)nc(OC[C@@]45CCCN4C[C@H](F)C5)nc3c2F)c2c(F)c(F)ccc2c1,IC50,#ИМЯ?,119.0,nM,6.92,,,UO_0000065,11.1,0.21,1.26,7.3,0.0,CHEMBL5256827,Inhibition of KRAS G12D mutant in human ASPC1 cells assessed as reduction in ERK1/2 phosphorylation level incubated for 2 hrs by MSD assay,B,BAO_0000219,cell-based format,Homo sapiens,,,ASPC1,,,P01116,G12D,CHEMBL2189121,GTPase KRas,Homo sapiens,SINGLE PROTEIN,CHEMBL5252668,1.0,Scientific Literature,ACS Med Chem Lett,2023.0,,TIME = 2.0 hr,INHIBITOR,,0.119
CHEMBL5290459,,,598.09,2.0,5.78,Oc1cc(Cl)c(C2CC2)c(-c2ncc3c(N4CCCC5(CCO5)C4)nc(OC[C@@]45CCCN4C[C@H](F)C5)nc3c2F)c1,IC50,#ИМЯ?,66.0,nM,7.18,,,UO_0000065,12.01,0.23,1.4,8.56,0.0,CHEMBL5256827,Inhibition of KRAS G12D mutant in human ASPC1 cells assessed as reduction in ERK1/2 phosphorylation level incubated for 2 hrs by MSD assay,B,BAO_0000219,cell-based format,Homo sapiens,,,ASPC1,,,P01116,G12D,CHEMBL2189121,GTPase KRas,Homo sapiens,SINGLE PROTEIN,CHEMBL5252668,1.0,Scientific Literature,ACS Med Chem Lett,2023.0,,TIME = 2.0 hr,INHIBITOR,,0.066
CHEMBL4863339,,,564.67,1.0,4.62,C#Cc1cccc2cc(O)cc(-c3ncc4c(N5CC6CCC(C5)N6)nc(OCC56CCCN5CCC6)nc4c3F)c12,IC50,#ИМЯ?,0.3,nM,9.52,,,UO_0000065,16.86,0.31,4.9,10.99,0.0,CHEMBL4845550,Displacement of Cy5-labelled tracer from biotinylated GDP-loaded human recombinant KRAS G12D mutant (1 to 169 residues) measured after 60 mins by TR-FRET assay,B,BAO_0000357,single protein format,Homo sapiens,,,,,,P01116,G12D,CHEMBL2189121,GTPase KRas,Homo sapiens,SINGLE PROTEIN,CHEMBL4842393,1.0,Scientific Literature,ACS Med Chem Lett,2021.0,,TIME = 1.0 hr,INHIBITOR,,0.3
CHEMBL4874297,,,594.61,1.0,4.86,Oc1cc(-c2ncc3c(N4CC5CCC(C4)N5)nc(OC[C@@]45CCCN4C[C@H](F)C5)nc3c2F)c2c(F)c(F)ccc2c1,IC50,#ИМЯ?,0.6,nM,9.22,,,UO_0000065,15.51,0.29,4.36,10.64,0.0,CHEMBL4845550,Displacement of Cy5-labelled tracer from biotinylated GDP-loaded human recombinant KRAS G12D mutant (1 to 169 residues) measured after 60 mins by TR-FRET assay,B,BAO_0000357,single protein format,Homo sapiens,,,,,,P01116,G12D,CHEMBL2189121,GTPase KRas,Homo sapiens,SINGLE PROTEIN,CHEMBL4842393,1.0,Scientific Literature,ACS Med Chem Lett,2021.0,,TIME = 1.0 hr,INHIBITOR,,0.6
CHEMBL4863371,,,604.68,2.0,5.29,CCc1c(F)ccc2cc(O)cc(-c3ncc4c(N5CC6CCC(C5)N6)nc(OC[C@@]56CCCN5C[C@H](F)C6)nc4c3F)c12,IC50,#ИМЯ?,0.8,nM,9.1,,,UO_0000065,15.04,0.28,3.81,10.5,0.0,CHEMBL4845550,Displacement of Cy5-labelled tracer from biotinylated GDP-loaded human recombinant KRAS G12D mutant (1 to 169 residues) measured after 60 mins by TR-FRET assay,B,BAO_0000357,single protein format,Homo sapiens,,,,,,P01116,G12D,CHEMBL2189121,GTPase KRas,Homo sapiens,SINGLE PROTEIN,CHEMBL4842393,1.0,Scientific Literature,ACS Med Chem Lett,2021.0,,TIME = 1.0 hr,INHIBITOR,,0.8
CHEMBL4876243,,,588.66,1.0,4.4,COC1CN2CCCC2(COc2nc(N3CC4CCC(C3)N4)c3cnc(-c4cc(O)cc5cccc(F)c45)c(F)c3n2)C1,IC50,#ИМЯ?,0.6,nM,9.22,,,UO_0000065,15.67,0.29,4.82,9.62,0.0,CHEMBL4845550,Displacement of Cy5-labelled tracer from biotinylated GDP-loaded human recombinant KRAS G12D mutant (1 to 169 residues) measured after 60 mins by TR-FRET assay,B,BAO_0000357,single protein format,Homo sapiens,,,,,,P01116,G12D,CHEMBL2189121,GTPase KRas,Homo sapiens,SINGLE PROTEIN,CHEMBL4842393,1.0,Scientific Literature,ACS Med Chem Lett,2021.0,,TIME = 1.0 hr,INHIBITOR,,0.6
CHEMBL5424715,,,568.02,1.0,4.66,Cc1cc(N)nc(-c2c(Cl)cc3c(N4CCNC[C@@H]4C)nc(OC[C@@H]4CCCN4C)nc3c2F)c1C(F)(F)F,IC50,#ИМЯ?,76.9,nM,7.11,,,UO_0000065,12.52,0.25,2.45,7.7,0.0,CHEMBL5374156,Inhibition of GDP-bound biotinylated-KRAS G12D mutant (1 to 169 residues) (unknown origin) assessed as suppression of SOS1-mediated nucleotide exchange by measuring reduction in KRAS G12D mutant-RAF RBD complex formation preincubated for 60 mins followed by SOS1 addition and further incubated for 60 mins and subsequent addition of KRAS G12D mutant-RAF RBD mixture measured after 30 to 60 mins by FRET assay,B,BAO_0000357,single protein format,Homo sapiens,,,,,,P01116,G12D,CHEMBL2189121,GTPase KRas,Homo sapiens,SINGLE PROTEIN,CHEMBL5370635,1.0,Scientific Literature,ACS Med Chem Lett,2023.0,,TIME = 3.0 hr,INHIBITOR,,76.9
CHEMBL5418527,,,580.03,1.0,4.81,Cc1cc(N)nc(-c2c(Cl)cc3c(N4CC5CCC(C4)N5)nc(OC[C@@H]4CCCN4C)nc3c2F)c1C(F)(F)F,IC50,#ИМЯ?,3.5,nM,8.46,,,UO_0000065,14.58,0.29,3.65,9.15,0.0,CHEMBL5374156,Inhibition of GDP-bound biotinylated-KRAS G12D mutant (1 to 169 residues) (unknown origin) assessed as suppression of SOS1-mediated nucleotide exchange by measuring reduction in KRAS G12D mutant-RAF RBD complex formation preincubated for 60 mins followed by SOS1 addition and further incubated for 60 mins and subsequent addition of KRAS G12D mutant-RAF RBD mixture measured after 30 to 60 mins by FRET assay,B,BAO_0000357,single protein format,Homo sapiens,,,,,,P01116,G12D,CHEMBL2189121,GTPase KRas,Homo sapiens,SINGLE PROTEIN,CHEMBL5370635,1.0,Scientific Literature,ACS Med Chem Lett,2023.0,,TIME = 3.0 hr,INHIBITOR,,3.5
CHEMBL5405632,,,654.16,2.0,6.04,N#Cc1c(N)sc2c(F)ccc(-c3c(Cl)cc4c(N5CC6CCC(C5)N6)nc(OCC5(CN6CC[C@@H](F)C6)CC5)nc4c3F)c12,IC50,#ИМЯ?,1.0,nM,9.0,,,UO_0000065,13.76,0.27,2.96,8.71,0.0,CHEMBL5374156,Inhibition of GDP-bound biotinylated-KRAS G12D mutant (1 to 169 residues) (unknown origin) assessed as suppression of SOS1-mediated nucleotide exchange by measuring reduction in KRAS G12D mutant-RAF RBD complex formation preincubated for 60 mins followed by SOS1 addition and further incubated for 60 mins and subsequent addition of KRAS G12D mutant-RAF RBD mixture measured after 30 to 60 mins by FRET assay,B,BAO_0000357,single protein format,Homo sapiens,,,,,,P01116,G12D,CHEMBL2189121,GTPase KRas,Homo sapiens,SINGLE PROTEIN,CHEMBL5370635,1.0,Scientific Literature,ACS Med Chem Lett,2023.0,,TIME = 3.0 hr,INHIBITOR,,1.0
CHEMBL5406644,,,561.13,1.0,4.5,Oc1cc(N2CCc3c(nc(OCC45CCCN4CCC5)nc3N3CC4CCC(C3)N4)C2)c2c(Cl)cccc2c1,IC50,#ИМЯ?,15.0,nM,7.82,,,UO_0000065,13.94,0.27,3.32,10.16,0.0,CHEMBL5363764,Inhibition of KRAS G12D mutant in human PANC-1 cells assessed as reduction in phosphorylation of ERK 1/2 level incubated for 3 hrs,B,BAO_0000219,cell-based format,Homo sapiens,,,PANC-1,,,P01116,G12D,CHEMBL2189121,GTPase KRas,Homo sapiens,SINGLE PROTEIN,CHEMBL5360613,1.0,Scientific Literature,ACS Med Chem Lett,2023.0,,TIME = 3.0 hr,INHIBITOR,,15.0
CHEMBL5410609,,,624.06,2.0,5.29,Cc1cc(N)nc(-c2c(Cl)cc3c(N4CC5CCC(C4)N5)nc(OC[C@@]45CCCN4C[C@H](F)C5)nc3c2F)c1C(F)(F)F,IC50,#ИМЯ?,89.9,nM,7.05,,,UO_0000065,11.29,0.22,1.76,7.62,0.0,CHEMBL5374159,Inhibition of KRAS G12D mutant in human ASPC1 cells assessed as reduction in ERK phosphorylation measured after 4 hrs by HTRF assay,B,BAO_0000219,cell-based format,Homo sapiens,,,ASPC1,,,P01116,G12D,CHEMBL2189121,GTPase KRas,Homo sapiens,SINGLE PROTEIN,CHEMBL5370635,1.0,Scientific Literature,ACS Med Chem Lett,2023.0,,TIME = 4.0 hr,INHIBITOR,,89.9
CHEMBL5094356,,,542.63,2.0,5.07,Fc1ccc2cccc(-c3ncc4c(N5C[C@H]6CC[C@@H](C5)N6)nc(OCC56CCCN5CCC6)nc4c3F)c2c1,IC50,#ИМЯ?,370.0,nM,6.43,,,UO_0000065,11.85,0.22,1.36,9.68,0.0,CHEMBL5047300,Inhibition of KRAS G12D mutant in human AGS cells assessed as reduction in ERK phosphorylation measured after 3 hrs by In-Cell Western assay,B,BAO_0000219,cell-based format,Homo sapiens,,,AGS,,,P01116,G12D,CHEMBL2189121,GTPase KRas,Homo sapiens,SINGLE PROTEIN,CHEMBL5046237,1.0,Scientific Literature,J Med Chem,2022.0,,TIME = 3.0 hr,INHIBITOR,,0.37
CHEMBL4869200,,,682.61,1.0,3.93,Oc1cc(N2CCc3c(nc(OCC4(CN5CCOCC5)CC4)nc3N3CC4CCC(C3)N4)C2)c2c(I)cccc2c1,IC50,#ИМЯ?,0.7,nM,9.15,,,UO_0000065,13.41,0.3,5.22,10.62,0.0,CHEMBL4837101,Inhibition of recombinant his-tagged KRAS G12D mutant (unknown origin) expressed in Escherichia coli BL21(DE3) assessed as inhibition of GDP-GTP exchange rate in presence of recombinant SOS1/GMPPNP incubated for 1 hr by BODIPY fluorescence assay,B,BAO_0000019,assay format,Homo sapiens,,,,,,P01116,G12D,CHEMBL2189121,GTPase KRas,Homo sapiens,SINGLE PROTEIN,CHEMBL4834492,1.0,Scientific Literature,ACS Med Chem Lett,2021.0,,TIME = 1.0 hr,INHIBITOR,,0.7
CHEMBL4853619,,,597.53,1.0,4.02,CN1C[C@H](F)C[C@H]1COc1nc2c(c(N3CC4CCC(C3)N4)n1)CCN(c1cc(O)cc3cccc(Br)c13)C2,IC50,#ИМЯ?,18.5,nM,7.73,,,UO_0000065,12.94,0.27,3.71,10.04,0.0,CHEMBL4837101,Inhibition of recombinant his-tagged KRAS G12D mutant (unknown origin) expressed in Escherichia coli BL21(DE3) assessed as inhibition of GDP-GTP exchange rate in presence of recombinant SOS1/GMPPNP incubated for 1 hr by BODIPY fluorescence assay,B,BAO_0000019,assay format,Homo sapiens,,,,,,P01116,G12D,CHEMBL2189121,GTPase KRas,Homo sapiens,SINGLE PROTEIN,CHEMBL4834492,1.0,Scientific Literature,ACS Med Chem Lett,2021.0,,TIME = 1.0 hr,INHIBITOR,,18.5
CHEMBL5398980,,,575.64,2.0,5.33,Oc1cc(-c2ncc3c(N4CC5CCC(C4)N5)cc(OC[C@@]45CCCN4C[C@H](F)C5)nc3c2F)c2c(F)cccc2c1,IC50,#ИМЯ?,40.0,nM,7.4,,,UO_0000065,12.85,0.24,2.07,10.03,0.0,CHEMBL5363764,Inhibition of KRAS G12D mutant in human PANC-1 cells assessed as reduction in phosphorylation of ERK 1/2 level incubated for 3 hrs,B,BAO_0000219,cell-based format,Homo sapiens,,,PANC-1,,,P01116,G12D,CHEMBL2189121,GTPase KRas,Homo sapiens,SINGLE PROTEIN,CHEMBL5360613,1.0,Scientific Literature,ACS Med Chem Lett,2023.0,,TIME = 3.0 hr,INHIBITOR,,40.0
CHEMBL5085544,,,542.62,1.0,3.48,Oc1cc(-c2ncc3c(N4C[C@H]5CC[C@@H](C4)N5)nc(OCCN4C[C@@H]5C[C@H]4CO5)nc3c2F)c2ccccc2c1,IC50,#ИМЯ?,3000.0,nM,5.52,,,UO_0000065,10.18,0.19,2.04,5.76,0.0,CHEMBL5047300,Inhibition of KRAS G12D mutant in human AGS cells assessed as reduction in ERK phosphorylation measured after 3 hrs by In-Cell Western assay,B,BAO_0000219,cell-based format,Homo sapiens,,,AGS,,,P01116,G12D,CHEMBL2189121,GTPase KRas,Homo sapiens,SINGLE PROTEIN,CHEMBL5046237,1.0,Scientific Literature,J Med Chem,2022.0,,TIME = 3.0 hr,INHIBITOR,,3.0
CHEMBL5093531,,,538.67,2.0,5.24,Cc1cccc2cccc(-c3ncc4c(N5C[C@H]6CC[C@@H](C5)N6)nc(OCC56CCCN5CCC6)nc4c3F)c12,IC50,#ИМЯ?,2500.0,nM,5.6,,,UO_0000065,10.4,0.19,0.36,8.44,0.0,CHEMBL5047300,Inhibition of KRAS G12D mutant in human AGS cells assessed as reduction in ERK phosphorylation measured after 3 hrs by In-Cell Western assay,B,BAO_0000219,cell-based format,Homo sapiens,,,AGS,,,P01116,G12D,CHEMBL2189121,GTPase KRas,Homo sapiens,SINGLE PROTEIN,CHEMBL5046237,1.0,Scientific Literature,J Med Chem,2022.0,,TIME = 3.0 hr,INHIBITOR,,2.5
CHEMBL5091903,,,554.67,1.0,4.94,COc1cccc2cccc(-c3ncc4c(N5C[C@H]6CC[C@@H](C5)N6)nc(OCC56CCCN5CCC6)nc4c3F)c12,IC50,#ИМЯ?,1200.0,nM,5.92,,,UO_0000065,10.67,0.2,0.98,7.83,0.0,CHEMBL5047300,Inhibition of KRAS G12D mutant in human AGS cells assessed as reduction in ERK phosphorylation measured after 3 hrs by In-Cell Western assay,B,BAO_0000219,cell-based format,Homo sapiens,,,AGS,,,P01116,G12D,CHEMBL2189121,GTPase KRas,Homo sapiens,SINGLE PROTEIN,CHEMBL5046237,1.0,Scientific Literature,J Med Chem,2022.0,,TIME = 3.0 hr,INHIBITOR,,1.2
CHEMBL5286301,,,615.73,2.0,5.95,CCc1cccc2cc(O)cc(-c3ncc4c(N5CCCC6(CC(O)C6)C5)nc(OC[C@@]56CCCN5C[C@H](F)C6)nc4c3F)c12,IC50,#ИМЯ?,2.0,nM,8.7,,,UO_0000065,14.13,0.26,2.75,9.17,0.0,CHEMBL5256825,Inhibition of His-tagged KRAS G12D mutant (unknown origin) using biotinylated KRPep-2d as substrate preincubated for 30 mins followed by substrate addition and measured after 2 hrs by LANCE TR-FRET assay,B,BAO_0000357,single protein format,Homo sapiens,,,,,,P01116,G12D,CHEMBL2189121,GTPase KRas,Homo sapiens,SINGLE PROTEIN,CHEMBL5252668,1.0,Scientific Literature,ACS Med Chem Lett,2023.0,,TIME = 2.5 hr,INHIBITOR,,0.002
CHEMBL5265862,,,626.08,2.0,6.2,Oc1cc(-c2ncc3c(N4CCC[C@]5(CCO5)C4)nc(OC[C@@]45CCCN4C[C@H](F)C5)nc3c2F)c2c(Cl)c(F)ccc2c1,IC50,#ИМЯ?,1.0,nM,9.0,,,UO_0000065,14.38,0.28,2.8,10.73,0.0,CHEMBL5256825,Inhibition of His-tagged KRAS G12D mutant (unknown origin) using biotinylated KRPep-2d as substrate preincubated for 30 mins followed by substrate addition and measured after 2 hrs by LANCE TR-FRET assay,B,BAO_0000357,single protein format,Homo sapiens,,,,,,P01116,G12D,CHEMBL2189121,GTPase KRas,Homo sapiens,SINGLE PROTEIN,CHEMBL5252668,1.0,Scientific Literature,ACS Med Chem Lett,2023.0,,TIME = 2.5 hr,INHIBITOR,,0.001
CHEMBL5267786,,,648.69,2.0,5.43,CCc1c(F)ccc2cc(O)cc(-c3ncc4c(N5CCCC6(CNC(=O)O6)C5)nc(OC[C@@]56CCCN5C[C@H](F)C6)nc4c3F)c12,IC50,#ИМЯ?,1.0,nM,9.0,,,UO_0000065,13.87,0.26,3.57,7.97,0.0,CHEMBL5256826,Inhibition of N-terminal His-tagged GDP-bound KRAS G12D mutant (1 to 169 residues) (unknown origin) assessed as inhibition of SOS mediated nucleotide exchange preincubated for 2 hrs followed by addition of SOS protein and unlabeled GTP measured after 30 mins by Alphascreen assay,B,BAO_0000357,single protein format,Homo sapiens,,,,,,P01116,G12D,CHEMBL2189121,GTPase KRas,Homo sapiens,SINGLE PROTEIN,CHEMBL5252668,1.0,Scientific Literature,ACS Med Chem Lett,2023.0,,TIME = 2.5 hr,INHIBITOR,,0.001
CHEMBL5279657,,,601.7,2.0,5.97,CCc1cccc2cc(O)cc(-c3ncc4c(N5CCCC6(CCO6)C5)nc(OC[C@@]56CCCN5C[C@H](F)C6)nc4c3F)c12,IC50,#ИМЯ?,11.0,nM,7.96,,,UO_0000065,13.23,0.25,1.99,9.49,0.0,CHEMBL5256827,Inhibition of KRAS G12D mutant in human ASPC1 cells assessed as reduction in ERK1/2 phosphorylation level incubated for 2 hrs by MSD assay,B,BAO_0000219,cell-based format,Homo sapiens,,,ASPC1,,,P01116,G12D,CHEMBL2189121,GTPase KRas,Homo sapiens,SINGLE PROTEIN,CHEMBL5252668,1.0,Scientific Literature,ACS Med Chem Lett,2023.0,,TIME = 2.0 hr,INHIBITOR,,0.011
CHEMBL5081048,,,600.65,1.0,4.71,C#Cc1c(F)ccc2cc(O)cc(-c3ncc4c(N5C[C@H]6CC[C@@H](C5)N6)nc(OC[C@@]56CCCN5C[C@H](F)C6)nc4c3F)c12,IC50,#ИМЯ?,5.0,nM,8.3,,,UO_0000065,13.82,0.26,3.59,9.58,0.0,CHEMBL5047307,Inhibition of human GDP-bound KRAS G12D mutant assessed as inhibition of SOS1-catalyzed nucleotide exchange by measuring KRAS G12D mutant/GTP/c-Raf1 complex formation incubated for 120 mins followed by incubation with SOS1 and GTP for 60 mins followed by addition of c-Raf1 for 60 mins and measured after 60 mins by AlphaLISA assay,B,BAO_0000357,single protein format,Homo sapiens,,,,,,P01116,G12D,CHEMBL2189121,GTPase KRas,Homo sapiens,SINGLE PROTEIN,CHEMBL5046237,1.0,Scientific Literature,J Med Chem,2022.0,,TIME = 5.0 hr,INHIBITOR,,5.0
CHEMBL5093274,,,558.63,1.0,4.59,Oc1cc(-c2ncc3c(N4C[C@H]5CC[C@@H](C4)N5)nc(OC[C@]45CCCN4C[C@@H](F)C5)nc3c2F)c2ccccc2c1,IC50,#ИМЯ?,64.0,nM,7.19,,,UO_0000065,12.88,0.24,2.6,8.3,0.0,CHEMBL5047300,Inhibition of KRAS G12D mutant in human AGS cells assessed as reduction in ERK phosphorylation measured after 3 hrs by In-Cell Western assay,B,BAO_0000219,cell-based format,Homo sapiens,,,AGS,,,P01116,G12D,CHEMBL2189121,GTPase KRas,Homo sapiens,SINGLE PROTEIN,CHEMBL5046237,1.0,Scientific Literature,J Med Chem,2022.0,,TIME = 3.0 hr,INHIBITOR,,0.064
CHEMBL5289987,,,619.69,2.0,5.7,CCc1c(F)ccc2cc(O)cc(-c3ncc4c(N5CC(O)CC6(CC6)C5)nc(OC[C@@]56CCCN5C[C@H](F)C6)nc4c3F)c12,IC50,#ИМЯ?,34.0,nM,7.47,,,UO_0000065,12.05,0.23,1.77,7.87,0.0,CHEMBL5256827,Inhibition of KRAS G12D mutant in human ASPC1 cells assessed as reduction in ERK1/2 phosphorylation level incubated for 2 hrs by MSD assay,B,BAO_0000219,cell-based format,Homo sapiens,,,ASPC1,,,P01116,G12D,CHEMBL2189121,GTPase KRas,Homo sapiens,SINGLE PROTEIN,CHEMBL5252668,1.0,Scientific Literature,ACS Med Chem Lett,2023.0,,TIME = 2.0 hr,INHIBITOR,,0.034
CHEMBL4875572,,,637.6,1.0,4.8,Oc1cc(N2CCc3c(nc(OCC4(CN5CC[C@@H](F)C5)CC4)nc3N3CC4CCC(C3)N4)C2)c2c(Br)cccc2c1,IC50,#ИМЯ?,1.5,nM,8.82,,,UO_0000065,13.84,0.29,4.02,11.46,0.0,CHEMBL4837101,Inhibition of recombinant his-tagged KRAS G12D mutant (unknown origin) expressed in Escherichia coli BL21(DE3) assessed as inhibition of GDP-GTP exchange rate in presence of recombinant SOS1/GMPPNP incubated for 1 hr by BODIPY fluorescence assay,B,BAO_0000019,assay format,Homo sapiens,,,,,,P01116,G12D,CHEMBL2189121,GTPase KRas,Homo sapiens,SINGLE PROTEIN,CHEMBL4834492,1.0,Scientific Literature,ACS Med Chem Lett,2021.0,,TIME = 1.0 hr,INHIBITOR,,1.5
CHEMBL5087737,,,554.67,2.0,5.03,Oc1cc(-c2ncc3c(N4CC5CCC(C4)N5)nc(OCC45CCCCN4CCC5)nc3c2F)c2ccccc2c1,IC50,#ИМЯ?,650.0,nM,6.19,,,UO_0000065,11.15,0.21,1.16,7.14,0.0,CHEMBL5047300,Inhibition of KRAS G12D mutant in human AGS cells assessed as reduction in ERK phosphorylation measured after 3 hrs by In-Cell Western assay,B,BAO_0000219,cell-based format,Homo sapiens,,,AGS,,,P01116,G12D,CHEMBL2189121,GTPase KRas,Homo sapiens,SINGLE PROTEIN,CHEMBL5046237,1.0,Scientific Literature,J Med Chem,2022.0,,TIME = 3.0 hr,INHIBITOR,,0.65
CHEMBL4876040,,,582.66,1.0,4.57,C#Cc1cccc2cc(O)cc(-c3ncc4c(N5CC6CCC(C5)N6)nc(OC[C@@]56CCCN5C[C@H](F)C6)nc4c3F)c12,IC50,#ИМЯ?,0.4,nM,9.4,,,UO_0000065,16.13,0.3,4.83,10.85,0.0,CHEMBL4845550,Displacement of Cy5-labelled tracer from biotinylated GDP-loaded human recombinant KRAS G12D mutant (1 to 169 residues) measured after 60 mins by TR-FRET assay,B,BAO_0000357,single protein format,Homo sapiens,,,,,,P01116,G12D,CHEMBL2189121,GTPase KRas,Homo sapiens,SINGLE PROTEIN,CHEMBL4842393,1.0,Scientific Literature,ACS Med Chem Lett,2021.0,,TIME = 1.0 hr,INHIBITOR,,0.4
CHEMBL5085690,,,575.09,2.0,5.29,Oc1cc(-c2ncc3c(N4C[C@H]5CC[C@@H](C4)N5)nc(OCC45CCCN4CCC5)nc3c2F)c2c(Cl)cccc2c1,IC50,#ИМЯ?,63.0,nM,7.2,,,UO_0000065,12.52,0.24,1.91,8.31,0.0,CHEMBL5047300,Inhibition of KRAS G12D mutant in human AGS cells assessed as reduction in ERK phosphorylation measured after 3 hrs by In-Cell Western assay,B,BAO_0000219,cell-based format,Homo sapiens,,,AGS,,,P01116,G12D,CHEMBL2189121,GTPase KRas,Homo sapiens,SINGLE PROTEIN,CHEMBL5046237,1.0,Scientific Literature,J Med Chem,2022.0,,TIME = 3.0 hr,INHIBITOR,,0.063
CHEMBL5070295,,,560.62,2.0,5.21,Fc1ccc2cccc(-c3ncc4c(N5C[C@H]6CC[C@@H](C5)N6)nc(OCC56CCCN5CCC6)nc4c3F)c2c1F,IC50,#ИМЯ?,97.0,nM,7.01,,,UO_0000065,12.51,0.23,1.8,10.56,0.0,CHEMBL5047300,Inhibition of KRAS G12D mutant in human AGS cells assessed as reduction in ERK phosphorylation measured after 3 hrs by In-Cell Western assay,B,BAO_0000219,cell-based format,Homo sapiens,,,AGS,,,P01116,G12D,CHEMBL2189121,GTPase KRas,Homo sapiens,SINGLE PROTEIN,CHEMBL5046237,1.0,Scientific Literature,J Med Chem,2022.0,,TIME = 3.0 hr,INHIBITOR,,0.097
CHEMBL4857438,,,593.08,2.0,5.24,Oc1cc(-c2ncc3c(N4CC5CCC(C4)N5)nc(OC[C@@]45CCCN4C[C@H](F)C5)nc3c2F)c2c(Cl)cccc2c1,IC50,#ИМЯ?,0.2,nM,9.7,,,UO_0000065,16.35,0.32,4.46,11.19,0.0,CHEMBL4845550,Displacement of Cy5-labelled tracer from biotinylated GDP-loaded human recombinant KRAS G12D mutant (1 to 169 residues) measured after 60 mins by TR-FRET assay,B,BAO_0000357,single protein format,Homo sapiens,,,,,,P01116,G12D,CHEMBL2189121,GTPase KRas,Homo sapiens,SINGLE PROTEIN,CHEMBL4842393,1.0,Scientific Literature,ACS Med Chem Lett,2021.0,,TIME = 1.0 hr,INHIBITOR,,0.2
CHEMBL5410069,,,606.07,2.0,5.34,Cc1cc(N)nc(-c2c(Cl)cc3c(N4CC5CCC(C4)N5)nc(OCC45CCCN4CCC5)nc3c2F)c1C(F)(F)F,IC50,#ИМЯ?,2.1,nM,8.68,,,UO_0000065,14.32,0.28,3.34,9.39,0.0,CHEMBL5374156,Inhibition of GDP-bound biotinylated-KRAS G12D mutant (1 to 169 residues) (unknown origin) assessed as suppression of SOS1-mediated nucleotide exchange by measuring reduction in KRAS G12D mutant-RAF RBD complex formation preincubated for 60 mins followed by SOS1 addition and further incubated for 60 mins and subsequent addition of KRAS G12D mutant-RAF RBD mixture measured after 30 to 60 mins by FRET assay,B,BAO_0000357,single protein format,Homo sapiens,,,,,,P01116,G12D,CHEMBL2189121,GTPase KRas,Homo sapiens,SINGLE PROTEIN,CHEMBL5370635,1.0,Scientific Literature,ACS Med Chem Lett,2023.0,,TIME = 3.0 hr,INHIBITOR,,2.1
CHEMBL5408369,,,673.69,2.0,6.16,N#Cc1c(N)sc2c(F)ccc(-c3c(C(F)(F)F)cc4c(N5CC6CCC(C5)N6)nc(OC[C@@]56CCCN5C[C@H](F)C6)nc4c3F)c12,IC50,#ИМЯ?,2.1,nM,8.68,,,UO_0000065,12.88,0.25,2.52,8.4,0.0,CHEMBL5374159,Inhibition of KRAS G12D mutant in human ASPC1 cells assessed as reduction in ERK phosphorylation measured after 4 hrs by HTRF assay,B,BAO_0000219,cell-based format,Homo sapiens,,,ASPC1,,,P01116,G12D,CHEMBL2189121,GTPase KRas,Homo sapiens,SINGLE PROTEIN,CHEMBL5370635,1.0,Scientific Literature,ACS Med Chem Lett,2023.0,,TIME = 4.0 hr,INHIBITOR,,2.1
CHEMBL5426739,,,610.08,2.0,5.25,Nc1cc2cccc(F)c2c(-c2c(Cl)cc3c(N4CC5CCC(C4)N5)nc(OC[C@@]45CCCN4C[C@H](F)C5)nc3c2F)n1,IC50,#ИМЯ?,6.0,nM,8.22,,,UO_0000065,13.48,0.26,2.97,8.9,0.0,CHEMBL5374156,Inhibition of GDP-bound biotinylated-KRAS G12D mutant (1 to 169 residues) (unknown origin) assessed as suppression of SOS1-mediated nucleotide exchange by measuring reduction in KRAS G12D mutant-RAF RBD complex formation preincubated for 60 mins followed by SOS1 addition and further incubated for 60 mins and subsequent addition of KRAS G12D mutant-RAF RBD mixture measured after 30 to 60 mins by FRET assay,B,BAO_0000357,single protein format,Homo sapiens,,,,,,P01116,G12D,CHEMBL2189121,GTPase KRas,Homo sapiens,SINGLE PROTEIN,CHEMBL5370635,1.0,Scientific Literature,ACS Med Chem Lett,2023.0,,TIME = 3.0 hr,INHIBITOR,,6.0
CHEMBL5430615,,,593.65,2.0,5.28,C#Cc1c(F)ccc2cc(O)cc(-c3ncc4c(N5CC6CCC(C5)N6)cc(C#C[C@@]56CCCN5C[C@H](F)C6)nc4c3F)c12,IC50,#ИМЯ?,439.0,nM,6.36,,,UO_0000065,10.71,0.2,1.08,9.85,0.0,CHEMBL5363764,Inhibition of KRAS G12D mutant in human PANC-1 cells assessed as reduction in phosphorylation of ERK 1/2 level incubated for 3 hrs,B,BAO_0000219,cell-based format,Homo sapiens,,,PANC-1,,,P01116,G12D,CHEMBL2189121,GTPase KRas,Homo sapiens,SINGLE PROTEIN,CHEMBL5360613,1.0,Scientific Literature,ACS Med Chem Lett,2023.0,,TIME = 3.0 hr,INHIBITOR,,439.0
CHEMBL5430198,,,596.11,2.0,5.31,CN1CCC[C@H]1COc1nc(N2CC3CCC(C2)N3)c2cc(Cl)c(-c3ccc(F)c4sc(N)c(C#N)c34)c(F)c2n1,IC50,#ИМЯ?,138.0,nM,6.86,,,UO_0000065,11.51,0.23,1.55,6.64,0.0,CHEMBL5374159,Inhibition of KRAS G12D mutant in human ASPC1 cells assessed as reduction in ERK phosphorylation measured after 4 hrs by HTRF assay,B,BAO_0000219,cell-based format,Homo sapiens,,,ASPC1,,,P01116,G12D,CHEMBL2189121,GTPase KRas,Homo sapiens,SINGLE PROTEIN,CHEMBL5370635,1.0,Scientific Literature,ACS Med Chem Lett,2023.0,,TIME = 4.0 hr,INHIBITOR,,138.0
CHEMBL4849611,,,640.57,1.0,4.16,CN(C)CC1(COc2nc3c(c(N4CC5CCC(C4)N5)n2)CCN(c2cc(O)cc4cccc(I)c24)C3)CC1,IC50,#ИМЯ?,0.7,nM,9.15,,,UO_0000065,14.29,0.32,4.99,11.89,0.0,CHEMBL4837101,Inhibition of recombinant his-tagged KRAS G12D mutant (unknown origin) expressed in Escherichia coli BL21(DE3) assessed as inhibition of GDP-GTP exchange rate in presence of recombinant SOS1/GMPPNP incubated for 1 hr by BODIPY fluorescence assay,B,BAO_0000019,assay format,Homo sapiens,,,,,,P01116,G12D,CHEMBL2189121,GTPase KRas,Homo sapiens,SINGLE PROTEIN,CHEMBL4834492,1.0,Scientific Literature,ACS Med Chem Lett,2021.0,,TIME = 1.0 hr,INHIBITOR,,0.7
CHEMBL4878409,,,629.55,1.0,4.57,CN(C)CC1(COc2nc3c(c(N4CC5CCC(C4)N5)n2)CCN(c2cc(O)cc4cccc(Br)c24)C3)CC1(F)F,IC50,#ИМЯ?,9.7,nM,8.01,,,UO_0000065,12.73,0.27,3.44,10.41,0.0,CHEMBL4837101,Inhibition of recombinant his-tagged KRAS G12D mutant (unknown origin) expressed in Escherichia coli BL21(DE3) assessed as inhibition of GDP-GTP exchange rate in presence of recombinant SOS1/GMPPNP incubated for 1 hr by BODIPY fluorescence assay,B,BAO_0000019,assay format,Homo sapiens,,,,,,P01116,G12D,CHEMBL2189121,GTPase KRas,Homo sapiens,SINGLE PROTEIN,CHEMBL4834492,1.0,Scientific Literature,ACS Med Chem Lett,2021.0,,TIME = 1.0 hr,INHIBITOR,,9.7
CHEMBL4872788,,,544.65,1.0,4.39,Fc1c(-c2cccc3c2CC2CC32)ncc2c(N3CC4CCC(C3)N4)nc(OC[C@@]34CCCN3C[C@H](F)C4)nc12,IC50,#ИМЯ?,20.1,nM,7.7,,,UO_0000065,14.13,0.26,3.31,11.59,0.0,CHEMBL4845550,Displacement of Cy5-labelled tracer from biotinylated GDP-loaded human recombinant KRAS G12D mutant (1 to 169 residues) measured after 60 mins by TR-FRET assay,B,BAO_0000357,single protein format,Homo sapiens,,,,,,P01116,G12D,CHEMBL2189121,GTPase KRas,Homo sapiens,SINGLE PROTEIN,CHEMBL4842393,1.0,Scientific Literature,ACS Med Chem Lett,2021.0,,TIME = 1.0 hr,INHIBITOR,,20.1
CHEMBL5080117,,,525.59,1.0,3.99,Cn1ccnc1CCOc1nc(N2C[C@H]3CC[C@@H](C2)N3)c2cnc(-c3cc(O)cc4ccccc34)c(F)c2n1,IC50,#ИМЯ?,3500.0,nM,5.46,,,UO_0000065,10.38,0.19,1.47,5.39,0.0,CHEMBL5047300,Inhibition of KRAS G12D mutant in human AGS cells assessed as reduction in ERK phosphorylation measured after 3 hrs by In-Cell Western assay,B,BAO_0000219,cell-based format,Homo sapiens,,,AGS,,,P01116,G12D,CHEMBL2189121,GTPase KRas,Homo sapiens,SINGLE PROTEIN,CHEMBL5046237,1.0,Scientific Literature,J Med Chem,2022.0,,TIME = 3.0 hr,INHIBITOR,,3.5
CHEMBL5091064,,,540.64,1.0,4.64,Oc1cc(-c2ncc3c(N4C[C@H]5CC[C@@H](C4)N5)nc(OCC45CCCN4CCC5)nc3c2F)c2ccccc2c1,IC50,#ИМЯ?,270.0,nM,6.57,,,UO_0000065,12.15,0.22,1.93,7.58,0.0,CHEMBL5047300,Inhibition of KRAS G12D mutant in human AGS cells assessed as reduction in ERK phosphorylation measured after 3 hrs by In-Cell Western assay,B,BAO_0000219,cell-based format,Homo sapiens,,,AGS,,,P01116,G12D,CHEMBL2189121,GTPase KRas,Homo sapiens,SINGLE PROTEIN,CHEMBL5046237,1.0,Scientific Literature,J Med Chem,2022.0,,TIME = 3.0 hr,INHIBITOR,,0.27
CHEMBL4857517,,,570.74,1.0,3.64,Cc1cccc2cc(O)cc(N3CCc4c(nc(OCC5(CN6CCOCC6)CC5)nc4N4CC5CCC(C4)N5)C3)c12,IC50,#ИМЯ?,3.2,nM,8.49,,,UO_0000065,14.88,0.28,4.85,9.85,0.0,CHEMBL4837101,Inhibition of recombinant his-tagged KRAS G12D mutant (unknown origin) expressed in Escherichia coli BL21(DE3) assessed as inhibition of GDP-GTP exchange rate in presence of recombinant SOS1/GMPPNP incubated for 1 hr by BODIPY fluorescence assay,B,BAO_0000019,assay format,Homo sapiens,,,,,,P01116,G12D,CHEMBL2189121,GTPase KRas,Homo sapiens,SINGLE PROTEIN,CHEMBL4834492,1.0,Scientific Literature,ACS Med Chem Lett,2021.0,,TIME = 1.0 hr,INHIBITOR,,3.2
CHEMBL4872714,,,635.61,1.0,4.09,Oc1cc(N2CCc3c(nc(OCC4(CN5CCOCC5)CC4)nc3N3CC4CCC(C3)N4)C2)c2c(Br)cccc2c1,IC50,#ИМЯ?,1.2,nM,8.92,,,UO_0000065,14.04,0.29,4.83,10.35,0.0,CHEMBL4837101,Inhibition of recombinant his-tagged KRAS G12D mutant (unknown origin) expressed in Escherichia coli BL21(DE3) assessed as inhibition of GDP-GTP exchange rate in presence of recombinant SOS1/GMPPNP incubated for 1 hr by BODIPY fluorescence assay,B,BAO_0000019,assay format,Homo sapiens,,,,,,P01116,G12D,CHEMBL2189121,GTPase KRas,Homo sapiens,SINGLE PROTEIN,CHEMBL4834492,1.0,Scientific Literature,ACS Med Chem Lett,2021.0,,TIME = 1.0 hr,INHIBITOR,,1.2
CHEMBL5428155,,,599.66,2.0,5.31,C#Cc1c(F)ccc2cc(O)cc(-c3ncc4c(N5CC6CCC(C5)N6)cc(OC[C@@]56CCCN5C[C@H](F)C6)nc4c3F)c12,IC50,#ИМЯ?,7.9,nM,8.1,,,UO_0000065,13.51,0.25,2.79,10.99,0.0,CHEMBL5363764,Inhibition of KRAS G12D mutant in human PANC-1 cells assessed as reduction in phosphorylation of ERK 1/2 level incubated for 3 hrs,B,BAO_0000219,cell-based format,Homo sapiens,,,PANC-1,,,P01116,G12D,CHEMBL2189121,GTPase KRas,Homo sapiens,SINGLE PROTEIN,CHEMBL5360613,1.0,Scientific Literature,ACS Med Chem Lett,2023.0,,TIME = 3.0 hr,INHIBITOR,,7.9
CHEMBL5397425,,,616.11,2.0,5.32,Nc1nc2c(-c3c(Cl)cc4c(N5CC6CCC(C5)N6)nc(OC[C@@]56CCCN5C[C@H](F)C6)nc4c3F)ccc(F)c2s1,IC50,#ИМЯ?,149.0,nM,6.83,,,UO_0000065,11.08,0.22,1.51,7.39,0.0,CHEMBL5374159,Inhibition of KRAS G12D mutant in human ASPC1 cells assessed as reduction in ERK phosphorylation measured after 4 hrs by HTRF assay,B,BAO_0000219,cell-based format,Homo sapiens,,,ASPC1,,,P01116,G12D,CHEMBL2189121,GTPase KRas,Homo sapiens,SINGLE PROTEIN,CHEMBL5370635,1.0,Scientific Literature,ACS Med Chem Lett,2023.0,,TIME = 4.0 hr,INHIBITOR,,149.0
CHEMBL5393883,,,622.15,2.0,5.65,N#Cc1c(N)sc2c(F)ccc(-c3cc4nc(OC[C@@]56CCCN5C[C@H](F)C6)nc(N5CC6CCC(C5)N6)c4cc3Cl)c12,IC50,#ИМЯ?,42.9,nM,7.37,,,UO_0000065,11.84,0.23,1.72,7.13,0.0,CHEMBL5374159,Inhibition of KRAS G12D mutant in human ASPC1 cells assessed as reduction in ERK phosphorylation measured after 4 hrs by HTRF assay,B,BAO_0000219,cell-based format,Homo sapiens,,,ASPC1,,,P01116,G12D,CHEMBL2189121,GTPase KRas,Homo sapiens,SINGLE PROTEIN,CHEMBL5370635,1.0,Scientific Literature,ACS Med Chem Lett,2023.0,,TIME = 4.0 hr,INHIBITOR,,42.9
CHEMBL5091244,,,548.67,1.0,4.91,C#Cc1cccc2cccc(-c3ncc4c(N5C[C@H]6CC[C@@H](C5)N6)nc(OCC56CCCN5CCC6)nc4c3F)c12,IC50,#ИМЯ?,71.0,nM,7.15,,,UO_0000065,13.03,0.24,2.24,10.76,0.0,CHEMBL5047300,Inhibition of KRAS G12D mutant in human AGS cells assessed as reduction in ERK phosphorylation measured after 3 hrs by In-Cell Western assay,B,BAO_0000219,cell-based format,Homo sapiens,,,AGS,,,P01116,G12D,CHEMBL2189121,GTPase KRas,Homo sapiens,SINGLE PROTEIN,CHEMBL5046237,1.0,Scientific Literature,J Med Chem,2022.0,,TIME = 3.0 hr,INHIBITOR,,0.071
CHEMBL5083652,,,564.67,1.0,4.62,C#Cc1cccc2cc(O)cc(-c3ncc4c(N5C[C@H]6CC[C@@H](C5)N6)nc(OCC56CCCN5CCC6)nc4c3F)c12,IC50,#ИМЯ?,14.0,nM,7.85,,,UO_0000065,13.91,0.26,3.23,9.06,0.0,CHEMBL5047300,Inhibition of KRAS G12D mutant in human AGS cells assessed as reduction in ERK phosphorylation measured after 3 hrs by In-Cell Western assay,B,BAO_0000219,cell-based format,Homo sapiens,,,AGS,,,P01116,G12D,CHEMBL2189121,GTPase KRas,Homo sapiens,SINGLE PROTEIN,CHEMBL5046237,1.0,Scientific Literature,J Med Chem,2022.0,,TIME = 3.0 hr,INHIBITOR,,0.014
CHEMBL5394061,,,581.67,2.0,5.17,C#Cc1cccc2cc(O)cc(-c3ncc4c(N5CC6CCC(C5)N6)cc(OC[C@@]56CCCN5C[C@H](F)C6)nc4c3F)c12,IC50,#ИМЯ?,9.5,nM,8.02,,,UO_0000065,13.79,0.25,2.85,10.88,0.0,CHEMBL5363764,Inhibition of KRAS G12D mutant in human PANC-1 cells assessed as reduction in phosphorylation of ERK 1/2 level incubated for 3 hrs,B,BAO_0000219,cell-based format,Homo sapiens,,,PANC-1,,,P01116,G12D,CHEMBL2189121,GTPase KRas,Homo sapiens,SINGLE PROTEIN,CHEMBL5360613,1.0,Scientific Literature,ACS Med Chem Lett,2023.0,,TIME = 3.0 hr,INHIBITOR,,9.5
CHEMBL5080840,,,514.61,1.0,4.1,CN1CCC[C@H]1COc1nc(N2C[C@H]3CC[C@@H](C2)N3)c2cnc(-c3cc(O)cc4ccccc34)c(F)c2n1,IC50,#ИМЯ?,530.0,nM,6.28,,,UO_0000065,12.2,0.23,2.18,7.24,0.0,CHEMBL5047300,Inhibition of KRAS G12D mutant in human AGS cells assessed as reduction in ERK phosphorylation measured after 3 hrs by In-Cell Western assay,B,BAO_0000219,cell-based format,Homo sapiens,,,AGS,,,P01116,G12D,CHEMBL2189121,GTPase KRas,Homo sapiens,SINGLE PROTEIN,CHEMBL5046237,1.0,Scientific Literature,J Med Chem,2022.0,,TIME = 3.0 hr,INHIBITOR,,0.53
CHEMBL4750445,,,516.61,1.0,4.73,Cn1cnc(Cn2ccc3ccc(CNCc4[nH]c5ccccc5c4[C@H]4NC(=O)c5ccc(O)cc54)cc32)c1,IC50,#ИМЯ?,450.0,nM,6.35,,,UO_0000065,12.29,0.22,1.62,6.35,0.0,CHEMBL4677893,Inhibition of N-terminal 6His-tagged/C-terminal Avi-tagged biotinylated GDP-bound human KRas G12D mutant (1 to 169 residues) assessed as reduction in KRas G12D mutant-SOS1 (564 to 1049 residues) protein-protein interaction by alpha screen assay,B,BAO_0000357,single protein format,Homo sapiens,,,,,,P01116,G12D,CHEMBL2189121,GTPase KRas,Homo sapiens,SINGLE PROTEIN,CHEMBL4673313,1.0,Scientific Literature,J Med Chem,2020.0,,,INHIBITOR,,0.45
CHEMBL5405893,,,613.68,2.0,5.7,C#Cc1c(F)ccc2cc(O)cc(-c3ncc4c(N5CC6CCC(C)(C5)N6)cc(OC[C@@]56CCCN5C[C@H](F)C6)nc4c3F)c12,IC50,#ИМЯ?,24.0,nM,7.62,,,UO_0000065,12.42,0.23,1.92,10.33,0.0,CHEMBL5363764,Inhibition of KRAS G12D mutant in human PANC-1 cells assessed as reduction in phosphorylation of ERK 1/2 level incubated for 3 hrs,B,BAO_0000219,cell-based format,Homo sapiens,,,PANC-1,,,P01116,G12D,CHEMBL2189121,GTPase KRas,Homo sapiens,SINGLE PROTEIN,CHEMBL5360613,1.0,Scientific Literature,ACS Med Chem Lett,2023.0,,TIME = 3.0 hr,INHIBITOR,,24.0
CHEMBL5269272,,,609.62,2.0,5.68,Oc1cc(-c2ncc3c(N4CCCC5(CCO5)C4)nc(OC[C@@]45CCCN4C[C@H](F)C5)nc3c2F)c2c(F)c(F)ccc2c1,IC50,#ИМЯ?,9.0,nM,8.05,,,UO_0000065,13.2,0.25,2.37,9.6,0.0,CHEMBL5256827,Inhibition of KRAS G12D mutant in human ASPC1 cells assessed as reduction in ERK1/2 phosphorylation level incubated for 2 hrs by MSD assay,B,BAO_0000219,cell-based format,Homo sapiens,,,ASPC1,,,P01116,G12D,CHEMBL2189121,GTPase KRas,Homo sapiens,SINGLE PROTEIN,CHEMBL5252668,1.0,Scientific Literature,ACS Med Chem Lett,2023.0,,TIME = 2.0 hr,INHIBITOR,,0.009
CHEMBL5401145,,,603.69,2.0,5.89,CCc1c(F)ccc2cc(O)cc(-c3ncc4c(N5CC6CCC(C5)N6)cc(OC[C@@]56CCCN5C[C@H](F)C6)nc4c3F)c12,IC50,#ИМЯ?,46.0,nM,7.34,,,UO_0000065,12.15,0.23,1.45,9.95,0.0,CHEMBL5363764,Inhibition of KRAS G12D mutant in human PANC-1 cells assessed as reduction in phosphorylation of ERK 1/2 level incubated for 3 hrs,B,BAO_0000219,cell-based format,Homo sapiens,,,PANC-1,,,P01116,G12D,CHEMBL2189121,GTPase KRas,Homo sapiens,SINGLE PROTEIN,CHEMBL5360613,1.0,Scientific Literature,ACS Med Chem Lett,2023.0,,TIME = 3.0 hr,INHIBITOR,,46.0
CHEMBL5430597,,,597.69,2.0,5.86,CCc1c(F)ccc2cc(O)cc(-c3ncc4c(N5CC6CCC(C5)N6)cc(C#C[C@@]56CCCN5C[C@H](F)C6)nc4c3F)c12,IC50,#ИМЯ?,305.0,nM,6.52,,,UO_0000065,10.9,0.2,0.66,10.1,0.0,CHEMBL5363764,Inhibition of KRAS G12D mutant in human PANC-1 cells assessed as reduction in phosphorylation of ERK 1/2 level incubated for 3 hrs,B,BAO_0000219,cell-based format,Homo sapiens,,,PANC-1,,,P01116,G12D,CHEMBL2189121,GTPase KRas,Homo sapiens,SINGLE PROTEIN,CHEMBL5360613,1.0,Scientific Literature,ACS Med Chem Lett,2023.0,,TIME = 3.0 hr,INHIBITOR,,305.0
CHEMBL5074273,,,559.09,2.0,5.59,Fc1c(-c2cccc3cccc(Cl)c23)ncc2c(N3C[C@H]4CC[C@@H](C3)N4)nc(OCC34CCCN3CCC4)nc12,IC50,#ИМЯ?,190.0,nM,6.72,,,UO_0000065,12.02,0.23,1.13,10.12,0.0,CHEMBL5047300,Inhibition of KRAS G12D mutant in human AGS cells assessed as reduction in ERK phosphorylation measured after 3 hrs by In-Cell Western assay,B,BAO_0000219,cell-based format,Homo sapiens,,,AGS,,,P01116,G12D,CHEMBL2189121,GTPase KRas,Homo sapiens,SINGLE PROTEIN,CHEMBL5046237,1.0,Scientific Literature,J Med Chem,2022.0,,TIME = 3.0 hr,INHIBITOR,,0.19
CHEMBL5091301,,,552.7,2.0,5.49,CCc1cccc2cccc(-c3ncc4c(N5C[C@H]6CC[C@@H](C5)N6)nc(OCC56CCCN5CCC6)nc4c3F)c12,IC50,#ИМЯ?,200.0,nM,6.7,,,UO_0000065,12.12,0.22,1.21,10.09,0.0,CHEMBL5047300,Inhibition of KRAS G12D mutant in human AGS cells assessed as reduction in ERK phosphorylation measured after 3 hrs by In-Cell Western assay,B,BAO_0000219,cell-based format,Homo sapiens,,,AGS,,,P01116,G12D,CHEMBL2189121,GTPase KRas,Homo sapiens,SINGLE PROTEIN,CHEMBL5046237,1.0,Scientific Literature,J Med Chem,2022.0,,TIME = 3.0 hr,INHIBITOR,,0.2
CHEMBL4858364,MRTX-1133,1.0,600.65,1.0,4.71,C#Cc1c(F)ccc2cc(O)cc(-c3ncc4c(N5CC6CCC(C5)N6)nc(OC[C@@]56CCCN5C[C@H](F)C6)nc4c3F)c12,IC50,#ИМЯ?,0.4,nM,9.4,,,UO_0000065,15.65,0.29,4.69,10.85,0.0,CHEMBL4845550,Displacement of Cy5-labelled tracer from biotinylated GDP-loaded human recombinant KRAS G12D mutant (1 to 169 residues) measured after 60 mins by TR-FRET assay,B,BAO_0000357,single protein format,Homo sapiens,,,,,,P01116,G12D,CHEMBL2189121,GTPase KRas,Homo sapiens,SINGLE PROTEIN,CHEMBL4842393,1.0,Scientific Literature,ACS Med Chem Lett,2021.0,,TIME = 1.0 hr,INHIBITOR,,0.4
ISM061-018-2 ,,,,,,CC1=CC=C2NN=CC2=C1\C=C\C1=CN=C(OC2=CC=CC=C2F)N=C1,1400,,,,,,,,,,,,,,,,,,,,,,,,,,,,,,,,,,,,,,,
ISM061-022 ,,,,,,COC1=C(C)C=CC=C1C1=NC=CC(NC2=CC=CC3=C2C=CN3C)=N1,,,,,,,,,,,,,,,,,,,,,,,,,,,,,,,,,,,,,,,,
9LI,,,,,,Cc1c(c2c([nH]1)cc(cc2Cl)Cl)CCN,,,,,,,,,,,,,,,,,,,,,,,,,,,,,,,,,,,,,,,,
BZI,,,,,,c1ccc2c(c1)[nH]cn2,,,,,,,,,,,,,,,,,,,,,,,,,,,,,,,,,,,,,,,,
9R5,,,,,,c1cc2c(cc1Cl)OC[C@H](O2)CN,,,,,,,,,,,,,,,,,,,,,,,,,,,,,,,,,,,,,,,,
F0N,,,,,,c1ccc2c(c1)c(c([nH]2)[C@H]3CCCN3)[C@@H]4c5ccccc5C(=O)N4,,,,,,,,,,,,,,,,,,,,,,,,,,,,,,,,,,,,,,,,
EZZ,,,,,,CN(C)Cc1c(c2ccccc2[nH]1)[C@@H]3c4cc(ccc4C(=O)N3)O,,,,,,,,,,,,,,,,,,,,,,,,,,,,,,,,,,,,,,,,
F0B,,,,,,c1ccc(cc1)Cn2ccc3c2cc(cc3)CNCc4c(c5ccccc5[nH]4)[C@@H]6c7cc(ccc7C(=O)N6)O,,,,,,,,,,,,,,,,,,,,,,,,,,,,,,,,,,,,,,,,
F0K,,,,,,Cn1cc(nc1)Cn2ccc3c2cc(cc3)CNCc4c(c5ccccc5[nH]4)[C@@H]6c7cc(ccc7C(=O)N6)O,,,,,,,,,,,,,,,,,,,,,,,,,,,,,,,,,,,,,,,,
JJN,,,,,,CC1(CCN(CC1)C)[C@@]23[C@@H](c4ccccc4C(=O)N2)c5ccccc5N3,,,,,,,,,,,,,,,,,,,,,,,,,,,,,,,,,,,,,,,,
JJQ,,,,,,C[C@@]12CC(N[C@@]1(Nc3c2cccc3)C)(C)C,,,,,,,,,,,,,,,,,,,,,,,,,,,,,,,,,,,,,,,,
QME,,,,,,c1ccc2c(c1)cc([nH]2)[C@H]3CCCCN3,,,,,,,,,,,,,,,,,,,,,,,,,,,,,,,,,,,,,,,,
R6W,,,,,,c1ccc2c(c1)c(c([nH]2)CNCCCCCCNCc3c(c4ccccc4[nH]3)[C@@H]5c6cc(ccc6C(=O)N5)O)[C@@H]7c8cc(ccc8C(=O)N7)O,,,,,,,,,,,,,,,,,,,,,,,,,,,,,,,,,,,,,,,,
05C,,,,,,Cc1cccc2c1c(ccc2)N3CCc4c(nc(nc4N5CCNC[C@H]5C)OC[C@@H]6CCCN6C)C3,,,,,,,,,,,,,,,,,,,,,,,,,,,,,,,,,,,,,,,,
05F,,,,,,Cc1cccc2c1c(ccc2)N3CCc4c(nc(nc4N5[C@@H]6CC[C@H]5CNC6)OC[C@@H]7CCCN7C)C3,,,,,,,,,,,,,,,,,,,,,,,,,,,,,,,,,,,,,,,,
05I,,,,,,Cc1cccc2c1c(ccc2)N3CCc4c(nc(nc4N5C[C@H]6CC[C@@H](C5)N6)OC[C@@H]7CCCN7C)C3,,,,,,,,,,,,,,,,,,,,,,,,,,,,,,,,,,,,,,,,
6IC,,,,,,C#Cc1c(ccc2c1c(cc(c2)O)c3c(c4c(cn3)c(nc(n4)OC[C@@]56CCCN5C[C@@H](C6)F)N7C[C@H]8CC[C@@H](C7)N8)F)F,,,,,,,,,,,,,,,,,,,,,,,,,,,,,,,,,,,,,,,,
7L8,,,,,,CN1CCC[C@H]1COc2nc3c(cnc(c3F)c4cc(cc5c4cccc5)O)c(n2)N6C[C@H]7CC[C@@H](C6)N7,,,,,,,,,,,,,,,,,,,,,,,,,,,,,,,,,,,,,,,,
7NL,,,,,,c1ccc2c(c1)cc(cc2c3c(c4c(cn3)c(nc(n4)OC[C@@]56CCCN5C[C@@H](C6)F)N7C[C@H]8CC[C@@H](C7)N8)F)O,,,,,,,,,,,,,,,,,,,,,,,,,,,,,,,,,,,,,,,,
7NZ,,,,,,c1ccc2c(c1)cc(cc2c3c(c4c(cn3)c(nc(n4)OC[C@]56CCCN5C[C@H](C6)F)N7C[C@H]8CC[C@@H](C7)N8)F)O,,,,,,,,,,,,,,,,,,,,,,,,,,,,,,,,,,,,,,,,
7IZ,,,,,,CN1CCC[C@H]1COc2nc3c(cnc(c3F)c4cccc5c4c(ccc5)Cl)c(n2)N6CCNCC6,,,,,,,,,,,,,,,,,,,,,,,,,,,,,,,,,,,,,,,,
7OE,,,,,,C#Cc1c(ccc2c1c(ccc2)c3c(c4c(cn3)c(nc(n4)OCC56CCCN5CCC6)N7C[C@H]8CC[C@@H](C7)N8)F)F,,,,,,,,,,,,,,,,,,,,,,,,,,,,,,,,,,,,,,,,
OFU,,,,,,C[C@@H]([C@@H]1CCC[NH+]1C)Oc2ccnc(n2)c3nc(on3)[C@]4(CCCc5c4c(c(s5)N)C#N)C,,,,,,,,,,,,,,,,,,,,,,,,,,,,,,,,,,,,,,,,
DNU,,,,,,C#Cc1c(ccc2c1c(ccc2)c3c(c4c(cn3)c(nc(n4)OC[C@@]56CCCN5C[C@@H](C6)F)N7CCN(CC7)C(=O)CCO)F)F,,,,,,,,,,,,,,,,,,,,,,,,,,,,,,,,,,,,,,,,
WYL,,,,,,Cc1c(scn1)c2ccc(cc2)[C@H](CO)NC(=O)[C@@H]3C[C@H](CN3C(=O)[C@H](C(C)C)n4cc(nn4)OCCCCN5CCCN([C@H](C5)C)c6nccc(n6)c7nc(on7)[C@]8(CCCc9c8c(c(s9)N)C#N)C)O,,,,,,,,,,,,,,,,,,,,,,,,,,,,,,,,,,,,,,,,
YLE,,,,,,c1cc2c3c([nH]c2c(c1)c4ccoc4)C(=O)NCC3,,,,,,,,,,,,,,,,,,,,,,,,,,,,,,,,,,,,,,,,
YFJ,,,,,,c1cc2c3c([nH]c2c(c1)c4ccncc4)C(=O)NCC3,,,,,,,,,,,,,,,,,,,,,,,,,,,,,,,,,,,,,,,,
Y63,,,,,,C#Cc1cccc2c1c(ccc2)c3c(c4c(cn3)c(nc(n4)OCC56CCCN5CCC6)N7C[C@H]8CC[C@@H](C7)N8C(=O)CCC(=O)O)F,,,,,,,,,,,,,,,,,,,,,,,,,,,,,,,,,,,,,,,,
ZNI,,,,,,CCn1c2ccc-3cc2c(c1c4cc(cnc4[C@H](C)OC)N5CCN(CC5)C6CC6)CC(COC(=O)[C@@H]7CCCN(N7)C(=O)[C@H](Cc8nc3cs8)NC(=O)C9[C@H]1[C@@H]9COC1)(C)C,,,,,,,,,,,,,,,,,,,,,,,,,,,,,,,,,,,,,,,,
VM9,,,,,,Cc1cc(nc(c1C(F)(F)F)c2c(cc3c(c2F)nc(nc3N4C[C@H]5CC[C@@H](C4)N5)OC[C@@]67CCCN6C[C@@H](C7)F)Cl)N,,,,,,,,,,,,,,,,,,,,,,,,,,,,,,,,,,,,,,,,
VQT,,,,,,c1cc(c2c(c1c3c(cc4c(c3F)nc(nc4N5C[C@H]6CC[C@@H](C5)N6)OC[C@@]78CCCN7C[C@@H](C8)F)Cl)nc(s2)N)F,,,,,,,,,,,,,,,,,,,,,,,,,,,,,,,,,,,,,,,,
VR5,,,,,,c1cc(c2c(c1c3c(cc4c(c3F)nc(nc4N5C[C@H]6CC[C@@H](C5)N6)OC[C@@]78CCCN7C[C@@H](C8)F)C(F)(F)F)c(c(s2)N)C#N)F,,,,,,,,,,,,,,,,,,,,,,,,,,,,,,,,,,,,,,,,
W3T,,,,,,CC(=O)N1[C@@H]2CC[C@H]1CN(C2)c3c4cnc(c(c4nc(n3)OC[C@@]56CCCN5C[C@@H](C6)F)F)c7cc(cc8c7c(c(cc8)F)C#C)O,,,,,,,,,,,,,,,,,,,,,,,,,,,,,,,,,,,,,,,,
A1AHB,,,,,,CCn1c2ccc-3cc2c(c1c4cc(cnc4[C@H](C)OC)N5CCN(CC5)C)CC(COC(=O)[C@@H]6CCCN(N6)C(=O)[C@H](Cc7nc3cs7)NC(=O)[C@H]8C[C@@H]8C)(C)C,,,,,,,,,,,,,,,,,,,,,,,,,,,,,,,,,,,,,,,,
A1BEI,,,,,,CN(C)C1CN(C1)c2c3c(c4cc(c(c(c4n2)F)c5cc(cc6c5cccc6)O)CCC#N)n(c(n3)CCC(=O)OC)[C@H]7[C@@H]8C[C@H]7NC8,,,,,,,,,,,,,,,,,,,,,,,,,,,,,,,,,,,,,,,,
A1BEJ,,,,,,CN(C)C1CN(C1)c2c3c(c4cc(c(c(c4n2)F)c5cc(cc6c5cccc6)O)Cl)n(cn3)[C@H]7[C@@H]8C[C@H]7NC8,,,,,,,,,,,,,,,,,,,,,,,,,,,,,,,,,,,,,,,,
A1IJ7,,,,,,COCC1(CC1)NC(=O)N[CH]2CCN(C2)c3cc(O[CH](C)[CH]4CCCN4C)nc(n3)c5noc(n5)[C]6(C)CCCc7sc(N)c(C#N)c67,,,,,,,,,,,,,,,,,,,,,,,,,,,,,,,,,,,,,,,,
